agent,games,margin,se,win_share,tickets_completed,tickets_failed
linear:runs/linear/pass6/p6a_q_random_decay_s0.json,1000,-12.525,0.9275633394807865,0.346,1.601,0.399
linear:runs/linear/pass6/p6a_q_random_decay_s0.json@best,1000,1.448,0.8421000109419478,0.524,1.606,0.394
linear:runs/linear/pass6/p6a_q_random_decay_s1.json,1000,-25.691,1.0490729588894534,0.211,1.596,0.404
linear:runs/linear/pass6/p6a_q_random_decay_s1.json@best,1000,-11.951,0.7631795608125536,0.305,1.691,0.309
linear:runs/linear/pass6/p6a_q_random_decay_s2.json,1000,-21.203,1.1081614561122457,0.263,1.6,0.4
linear:runs/linear/pass6/p6a_q_random_decay_s2.json@best,1000,-8.371,0.844196675560279,0.373,1.623,0.377
linear:runs/linear/pass6/p6a_q_random_decay_s3.json,1000,-10.169,0.7480548275527837,0.336,1.676,0.324
linear:runs/linear/pass6/p6a_q_random_decay_s3.json@best,1000,-10.345,0.8615313176032612,0.341,1.753,0.247
linear:runs/linear/pass6/p6a_q_random_decay_s4.json,1000,-9.848,1.0283123661234082,0.387,1.484,0.516
linear:runs/linear/pass6/p6a_q_random_decay_s4.json@best,1000,-0.053,0.7935110905657532,0.47,1.555,0.445
linear:runs/linear/pass6/p6b_sarsa_random_decay_s0.json,1000,-22.905,0.9547761897809206,0.236,1.639,0.361
linear:runs/linear/pass6/p6b_sarsa_random_decay_s0.json@best,1000,-7.45,0.7094933973483339,0.361,1.705,0.295
linear:runs/linear/pass6/p6b_sarsa_random_decay_s1.json,1000,-21.624,0.9500606502951479,0.23,1.607,0.393
linear:runs/linear/pass6/p6b_sarsa_random_decay_s1.json@best,1000,-7.427,0.761193856443342,0.377,1.643,0.357
linear:runs/linear/pass6/p6b_sarsa_random_decay_s2.json,1000,-10.892,1.1527025024086046,0.4,1.595,0.405
linear:runs/linear/pass6/p6b_sarsa_random_decay_s2.json@best,1000,3.982,1.0477516210722175,0.518,1.148,0.852
linear:runs/linear/pass6/p6b_sarsa_random_decay_s3.json,1000,3.155,1.159311424069468,0.573,1.728,0.658
linear:runs/linear/pass6/p6b_sarsa_random_decay_s3.json@best,1000,1.712,1.1809732231315635,0.534,1.676,0.479
linear:runs/linear/pass6/p6b_sarsa_random_decay_s4.json,1000,-27.938,1.0296748935398914,0.182,1.64,0.36
linear:runs/linear/pass6/p6b_sarsa_random_decay_s4.json@best,1000,-14.058,0.7829953497420771,0.288,1.608,0.392
linear:runs/linear/pass6/p6c_q_greedy_decay_s0.json,1000,-4.583,0.860548461537556,0.438,1.283,0.717
linear:runs/linear/pass6/p6c_q_greedy_decay_s0.json@best,1000,8.999,0.9950211385021255,0.62,1.089,0.911
linear:runs/linear/pass6/p6c_q_greedy_decay_s1.json,1000,-10.16,0.9107831388019466,0.374,1.279,0.721
linear:runs/linear/pass6/p6c_q_greedy_decay_s1.json@best,1000,5.894,0.8926306927019446,0.564,1.173,0.827
linear:runs/linear/pass6/p6c_q_greedy_decay_s2.json,1000,-13.3,0.8826591001553699,0.321,1.32,0.68
linear:runs/linear/pass6/p6c_q_greedy_decay_s2.json@best,1000,9.131,0.8963488608127309,0.622,1.161,0.839
linear:runs/linear/pass6/p6c_q_greedy_decay_s3.json,1000,-20.231,0.8892842433471233,0.259,1.402,0.598
linear:runs/linear/pass6/p6c_q_greedy_decay_s3.json@best,1000,5.838,0.9438414022454157,0.564,1.28,0.72
linear:runs/linear/pass6/p6c_q_greedy_decay_s4.json,1000,-9.173,0.8695684103164169,0.376,1.264,0.736
linear:runs/linear/pass6/p6c_q_greedy_decay_s4.json@best,1000,7.072,0.9106272882239242,0.59,1.161,0.839
linear:runs/linear/pass6/p6d_sarsa_greedy_decay_s0.json,1000,-52.032,0.8427034621532803,0.024,1.154,0.846
linear:runs/linear/pass6/p6d_sarsa_greedy_decay_s0.json@best,1000,-7.564,0.9121150463937419,0.409,1.353,0.647
linear:runs/linear/pass6/p6d_sarsa_greedy_decay_s1.json,1000,-15.287,0.8675616948057898,0.295,1.323,0.677
linear:runs/linear/pass6/p6d_sarsa_greedy_decay_s1.json@best,1000,-1.023,0.9154302177028479,0.493,1.324,0.676
linear:runs/linear/pass6/p6d_sarsa_greedy_decay_s2.json,1000,-31.596,0.8611726902325703,0.121,1.369,0.631
linear:runs/linear/pass6/p6d_sarsa_greedy_decay_s2.json@best,1000,-2.796,0.9226123766770082,0.461,1.263,0.737
linear:runs/linear/pass6/p6d_sarsa_greedy_decay_s3.json,1000,-43.238,0.8679600858972207,0.058,1.251,0.749
linear:runs/linear/pass6/p6d_sarsa_greedy_decay_s3.json@best,1000,-2.189,0.982543979510165,0.479,0.888,1.112
linear:runs/linear/pass6/p6d_sarsa_greedy_decay_s4.json,1000,-37.638,0.7738435176376357,0.068,1.315,0.685
linear:runs/linear/pass6/p6d_sarsa_greedy_decay_s4.json@best,1000,-13.337,0.8915639726443175,0.3,1.156,0.844
linear:runs/linear/pass6/p6e_q_self_decay_s0.json,1000,-35.113,0.8808496620463263,0.116,1.524,0.476
linear:runs/linear/pass6/p6e_q_self_decay_s0.json@best,1000,5.916,0.9030251371907642,0.575,1.73,0.27
linear:runs/linear/pass6/p6e_q_self_decay_s1.json,1000,-31.461,1.0055434334709747,0.18,1.674,0.326
linear:runs/linear/pass6/p6e_q_self_decay_s1.json@best,1000,6.657,0.9194731000860122,0.592,1.566,0.434
linear:runs/linear/pass6/p6e_q_self_decay_s2.json,1000,-2.683,0.9236750980115718,0.459,1.82,0.18
linear:runs/linear/pass6/p6e_q_self_decay_s2.json@best,1000,4.447,0.938459320853545,0.533,1.721,0.279
linear:runs/linear/pass6/p6e_q_self_decay_s3.json,1000,-82.254,0.6310369970862975,0.0,1.939,0.061
linear:runs/linear/pass6/p6e_q_self_decay_s3.json@best,1000,-6.416,0.8712577311186593,0.393,1.424,0.576
linear:runs/linear/pass6/p6e_q_self_decay_s4.json,1000,-23.62,0.8594557954102493,0.196,1.622,0.378
linear:runs/linear/pass6/p6e_q_self_decay_s4.json@best,1000,5.674,0.9220226948670244,0.573,1.442,0.558
linear:runs/linear/pass6/p6f_sarsa_self_decay_s0.json,1000,-74.594,0.817488502335936,0.003,0.972,1.028
linear:runs/linear/pass6/p6f_sarsa_self_decay_s0.json@best,1000,9.263,0.9004658070519224,0.59,1.776,0.224
linear:runs/linear/pass6/p6f_sarsa_self_decay_s1.json,1000,-80.747,0.6328423820197889,0.0,1.691,0.309
linear:runs/linear/pass6/p6f_sarsa_self_decay_s1.json@best,1000,7.951,0.9818475562039269,0.584,1,1
linear:runs/linear/pass6/p6f_sarsa_self_decay_s2.json,1000,-65.434,0.6380523134937721,0.004,1.881,0.119
linear:runs/linear/pass6/p6f_sarsa_self_decay_s2.json@best,1000,5.615,0.9633497899609559,0.55,1.438,0.562
linear:runs/linear/pass6/p6f_sarsa_self_decay_s3.json,1000,-78.334,0.6395713372998321,0.0,1.706,0.294
linear:runs/linear/pass6/p6f_sarsa_self_decay_s3.json@best,1000,-14.606,1.033042080430386,0.335,0.437,1.563
linear:runs/linear/pass6/p6f_sarsa_self_decay_s4.json,1000,-34.431,0.7538126242458881,0.095,1.729,0.271
linear:runs/linear/pass6/p6f_sarsa_self_decay_s4.json@best,1000,-8.025,0.8560404080300066,0.372,1.763,0.237
linear:runs/linear/pass6/p6g_sarsa_greedy_s0.json,1000,-36.833,0.8561086572585475,0.088,1.277,0.723
linear:runs/linear/pass6/p6g_sarsa_greedy_s0.json@best,1000,-8.614,0.9065091079314994,0.409,1.322,0.678
linear:runs/linear/pass6/p6g_sarsa_greedy_s1.json,1000,-39.518,0.9188961018777074,0.092,1.266,0.734
linear:runs/linear/pass6/p6g_sarsa_greedy_s1.json@best,1000,-5.034,0.8648553745099922,0.419,1.343,0.657
linear:runs/linear/pass6/p6g_sarsa_greedy_s2.json,1000,-23.472,0.8439107781047719,0.177,1.289,0.711
linear:runs/linear/pass6/p6g_sarsa_greedy_s2.json@best,1000,-3.1,0.9383029427708369,0.453,0.942,1.058
linear:runs/linear/pass6/p6g_sarsa_greedy_s3.json,1000,-28.02,0.8685182346525167,0.161,1.414,0.586
linear:runs/linear/pass6/p6g_sarsa_greedy_s3.json@best,1000,-7.107,0.8729808970685708,0.405,1.309,0.691
linear:runs/linear/pass6/p6g_sarsa_greedy_s4.json,1000,-30.052,0.7494457718640923,0.102,1.278,0.722
linear:runs/linear/pass6/p6g_sarsa_greedy_s4.json@best,1000,-14.93,0.8539955552626772,0.286,1.26,0.74
linear:runs/linear/pass6/p6h_sarsa_self_s0.json,1000,-72.402,0.6212135722135362,0.0,1.784,0.216
linear:runs/linear/pass6/p6h_sarsa_self_s0.json@best,1000,-6.549,0.8658887702022485,0.395,1.496,0.504
linear:runs/linear/pass6/p6h_sarsa_self_s1.json,1000,-27.102,0.7265503915568908,0.108,1.767,0.233
linear:runs/linear/pass6/p6h_sarsa_self_s1.json@best,1000,1.786,0.882141926437225,0.526,1.801,0.199
linear:runs/linear/pass6/p6h_sarsa_self_s2.json,1000,-49.999,0.7949748322959563,0.03,1.473,0.527
linear:runs/linear/pass6/p6h_sarsa_self_s2.json@best,1000,-5.591,0.8666537992807785,0.412,1.672,0.328
linear:runs/linear/pass6/p6h_sarsa_self_s3.json,1000,-75.571,0.6489715888412398,0.001,1.614,0.386
linear:runs/linear/pass6/p6h_sarsa_self_s3.json@best,1000,3.068,0.9950243461591528,0.539,0.838,1.162
linear:runs/linear/pass6/p6h_sarsa_self_s4.json,1000,-30.06,0.7167999736343481,0.091,1.703,0.297
linear:runs/linear/pass6/p6h_sarsa_self_s4.json@best,1000,-6.505,0.8647935261337488,0.398,1.571,0.429
