a,b,games,margin,se,a_wins,b_wins,a_tickets_completed,b_tickets_completed
random,greedy,400,-191.105,2.584246653168197,0.0,400.0,0.6075,4.8325
random,wary,400,-187.315,2.6287812126840073,0.0,400.0,0.5625,4.575
random,racer,400,-161.9725,2.2469900467180812,0.0,400.0,0.2575,0
random,collector,400,-188.335,2.9077947164100073,0.0,400.0,0.86,6.0175
random,linear:runs/linear/pass7/p7b_sarsa_lam98_random_s3.json@best,400,-146.8375,2.2435404875270097,0.0,400.0,0.2525,0.2725
random,dqn:runs/dqn/pass1/d1a_n1_s1.json@best,400,-156.5375,2.381364888294738,0.0,400.0,0.335,0
random,dqn:runs/dqn/pass2/d2a_greedy_s2.json@best,400,-155.24,2.1643514138435367,0.0,400.0,0.295,0.0175
random,dqn:runs/dqn/pass2/d2b_pool_s1.json@best,400,-150.5425,2.320402692640878,0.0,400.0,0.35,0.0025
random,dqn:runs/dqn/pass2/d2c_pool_shape_s1.json@best,400,-152.53,2.177628391974589,0.0,400.0,0.2975,0.0275
greedy,wary,400,-4.1075,1.591854220405423,175.0,225.0,4.465,4.145
greedy,racer,400,-12.895,1.3310151919128335,140.0,260.0,3.815,0
greedy,collector,400,23.6375,1.8012186724938064,289.5,110.5,4.855,5.025
greedy,linear:runs/linear/pass7/p7b_sarsa_lam98_random_s3.json@best,400,-17.375,1.2683780567074006,111.0,289.0,3.32,0.235
greedy,dqn:runs/dqn/pass1/d1a_n1_s1.json@best,400,-14.9175,1.290058083584827,108.0,292.0,3.5425,0.0225
greedy,dqn:runs/dqn/pass2/d2a_greedy_s2.json@best,400,-13.9075,1.272860083180152,123.0,277.0,3.675,0.0325
greedy,dqn:runs/dqn/pass2/d2b_pool_s1.json@best,400,-9.83,1.3255500584261175,134.0,266.0,3.7775,0.0075
greedy,dqn:runs/dqn/pass2/d2c_pool_shape_s1.json@best,400,-13.6975,1.326282416000635,121.0,279.0,3.655,0.03
wary,racer,400,-7.0125,1.160629575663468,170.0,230.0,3.0325,0
wary,collector,400,28.0675,1.6848640230937897,318.0,82.0,4.1675,4.7075
wary,linear:runs/linear/pass7/p7b_sarsa_lam98_random_s3.json@best,400,-10.7575,1.203189884898808,149.0,251.0,2.955,0.245
wary,dqn:runs/dqn/pass1/d1a_n1_s1.json@best,400,-8.6075,1.194576763328213,137.0,263.0,3.195,0.03
wary,dqn:runs/dqn/pass2/d2a_greedy_s2.json@best,400,-8.4625,1.216041065943149,143.0,257.0,3.1575,0.02
wary,dqn:runs/dqn/pass2/d2b_pool_s1.json@best,400,-5.5525,1.2570076690598144,174.0,226.0,3.29,0.0075
wary,dqn:runs/dqn/pass2/d2c_pool_shape_s1.json@best,400,-8.9075,1.2206082790158377,144.0,256.0,3.2875,0.0275
racer,collector,400,27.1125,1.4422334077329344,323.0,77.0,0,3.51
racer,linear:runs/linear/pass7/p7b_sarsa_lam98_random_s3.json@best,400,-14.59,1.0503751567534392,98.0,302.0,0,0.2375
racer,dqn:runs/dqn/pass1/d1a_n1_s1.json@best,400,-4.2475,0.9903054435647037,152.0,248.0,0,0.0525
racer,dqn:runs/dqn/pass2/d2a_greedy_s2.json@best,400,-7.4975,1.157551206800768,131.0,269.0,0,0.0175
racer,dqn:runs/dqn/pass2/d2b_pool_s1.json@best,400,-23.885,0.8275439625935668,28.5,371.5,0,0.1825
racer,dqn:runs/dqn/pass2/d2c_pool_shape_s1.json@best,400,-23.865,0.8859694080384208,39.0,361.0,0,0.0275
collector,linear:runs/linear/pass7/p7b_sarsa_lam98_random_s3.json@best,400,-31.225,1.3520608747473453,50.0,350.0,3.285,0.26
collector,dqn:runs/dqn/pass1/d1a_n1_s1.json@best,400,-32.4875,1.3606351197870776,52.0,348.0,3.5925,0.035
collector,dqn:runs/dqn/pass2/d2a_greedy_s2.json@best,400,-32.3425,1.3878276724781937,44.0,356.0,3.6575,0.03
collector,dqn:runs/dqn/pass2/d2b_pool_s1.json@best,400,-25.495,1.374941306562294,74.0,326.0,3.69,0.0125
collector,dqn:runs/dqn/pass2/d2c_pool_shape_s1.json@best,400,-30.2525,1.4214863410950522,57.0,343.0,3.6575,0.02
linear:runs/linear/pass7/p7b_sarsa_lam98_random_s3.json@best,dqn:runs/dqn/pass1/d1a_n1_s1.json@best,400,19.45,1.1890451298424316,310.0,90.0,0.2375,0.0575
linear:runs/linear/pass7/p7b_sarsa_lam98_random_s3.json@best,dqn:runs/dqn/pass2/d2a_greedy_s2.json@best,400,21.08,1.3422184531363923,307.0,93.0,0.2475,0.0275
linear:runs/linear/pass7/p7b_sarsa_lam98_random_s3.json@best,dqn:runs/dqn/pass2/d2b_pool_s1.json@best,400,10.505,1.093097476317565,259.0,141.0,0.265,0.0075
linear:runs/linear/pass7/p7b_sarsa_lam98_random_s3.json@best,dqn:runs/dqn/pass2/d2c_pool_shape_s1.json@best,400,6.425,1.0056661217178031,241.0,159.0,0.2725,0.025
dqn:runs/dqn/pass1/d1a_n1_s1.json@best,dqn:runs/dqn/pass2/d2a_greedy_s2.json@best,400,-2.135,1.3498229485681459,189.5,210.5,0.0475,0.0175
dqn:runs/dqn/pass1/d1a_n1_s1.json@best,dqn:runs/dqn/pass2/d2b_pool_s1.json@best,400,-9.69,1.2661180384221864,163.0,237.0,0.0575,0.0075
dqn:runs/dqn/pass1/d1a_n1_s1.json@best,dqn:runs/dqn/pass2/d2c_pool_shape_s1.json@best,400,-17.705,1.1957453553692852,97.0,303.0,0.0475,0.0175
dqn:runs/dqn/pass2/d2a_greedy_s2.json@best,dqn:runs/dqn/pass2/d2b_pool_s1.json@best,400,-9.1925,1.2549804976567354,146.0,254.0,0.0175,0.0075
dqn:runs/dqn/pass2/d2a_greedy_s2.json@best,dqn:runs/dqn/pass2/d2c_pool_shape_s1.json@best,400,-20.6625,1.2760111659441054,66.0,334.0,0.0025,0.02
dqn:runs/dqn/pass2/d2b_pool_s1.json@best,dqn:runs/dqn/pass2/d2c_pool_shape_s1.json@best,400,-3.44,1.1434584570974888,171.0,229.0,0.015,0.0075
