agent,opponent,games,margin,se,win_share,tickets_completed,tickets_failed
dqn:runs/dqn/pass1/d1a_n1_s0.json,greedy,1000,9.793,0.9513186417589841,0.656,0.008,2.001
dqn:runs/dqn/pass1/d1a_n1_s0.json,wary,1000,4.075,0.8779374403390877,0.584,0.005,2.008
dqn:runs/dqn/pass1/d1a_n1_s0.json,racer,1000,-1.21,0.8426588716520903,0.5665,0.005,2.03
dqn:runs/dqn/pass1/d1a_n1_s0.json@best,greedy,1000,12.113,0.8328095837601791,0.715,0.007,2.005
dqn:runs/dqn/pass1/d1a_n1_s0.json@best,wary,1000,5.983,0.7834465517822512,0.606,0.005,2.01
dqn:runs/dqn/pass1/d1a_n1_s0.json@best,racer,1000,2.686,0.6200708765067844,0.604,0.006,1.995
dqn:runs/dqn/pass1/d1a_n1_s1.json,greedy,1000,14.371,0.7990004760704219,0.723,0.022,1.988
dqn:runs/dqn/pass1/d1a_n1_s1.json,wary,1000,8.835,0.7376407586955108,0.657,0.019,1.995
dqn:runs/dqn/pass1/d1a_n1_s1.json,racer,1000,4.017,0.5995399562657682,0.604,0.037,1.973
dqn:runs/dqn/pass1/d1a_n1_s1.json@best,greedy,1000,15.854,0.7854104363665876,0.75,0.033,1.967
dqn:runs/dqn/pass1/d1a_n1_s1.json@best,wary,1000,9.097,0.7492095206989203,0.638,0.026,1.978
dqn:runs/dqn/pass1/d1a_n1_s1.json@best,racer,1000,4.413,0.6484820428970721,0.639,0.06,1.944
dqn:runs/dqn/pass1/d1a_n1_s2.json,greedy,1000,13.231,0.8391375279361488,0.703,0.03,1.987
dqn:runs/dqn/pass1/d1a_n1_s2.json,wary,1000,7.863,0.7787442928674814,0.634,0.026,1.99
dqn:runs/dqn/pass1/d1a_n1_s2.json,racer,1000,-13.027,0.9736479144235155,0.388,0.049,1.968
dqn:runs/dqn/pass1/d1a_n1_s2.json@best,greedy,1000,14.309,0.841849291280351,0.727,0.018,1.998
dqn:runs/dqn/pass1/d1a_n1_s2.json@best,wary,1000,10.017,0.7593967305660424,0.658,0.018,1.997
dqn:runs/dqn/pass1/d1a_n1_s2.json@best,racer,1000,6.719,0.6767288977138489,0.68,0.029,1.977
dqn:runs/dqn/pass1/d1b_n8_s0.json,greedy,1000,-48.166,0.9616533789371414,0.069,0.09,1.959
dqn:runs/dqn/pass1/d1b_n8_s0.json,wary,1000,-49.499,0.8651985711774884,0.05,0.087,1.968
dqn:runs/dqn/pass1/d1b_n8_s0.json,racer,1000,-59.072,0.7039860882236327,0.006,0.025,2.004
dqn:runs/dqn/pass1/d1b_n8_s0.json@best,greedy,1000,-27.938,0.9987901369846108,0.188,0.033,1.983
dqn:runs/dqn/pass1/d1b_n8_s0.json@best,wary,1000,-32.38,0.849865796388978,0.113,0.031,1.987
dqn:runs/dqn/pass1/d1b_n8_s0.json@best,racer,1000,-56.778,0.6936814181668051,0.0065,0.043,2.141
dqn:runs/dqn/pass1/d1b_n8_s1.json,greedy,1000,-49.763,0.9820505354890114,0.057,0.074,2.018
dqn:runs/dqn/pass1/d1b_n8_s1.json,wary,1000,-50.615,0.8366545080054046,0.032,0.059,1.973
dqn:runs/dqn/pass1/d1b_n8_s1.json,racer,1000,-60.525,0.67817940274112,0.005,0.022,1.985
dqn:runs/dqn/pass1/d1b_n8_s1.json@best,greedy,1000,-35.558,0.9848647595454894,0.135,0.044,1.989
dqn:runs/dqn/pass1/d1b_n8_s1.json@best,wary,1000,-40.701,0.8741943804525484,0.072,0.035,1.995
dqn:runs/dqn/pass1/d1b_n8_s1.json@best,racer,1000,-61.508,0.6079321652269417,0.005,0.051,1.952
dqn:runs/dqn/pass1/d1b_n8_s2.json,greedy,1000,-51.38,0.9754655981289823,0.055,0.09,1.982
dqn:runs/dqn/pass1/d1b_n8_s2.json,wary,1000,-52.882,0.8201797185804894,0.031,0.078,1.982
dqn:runs/dqn/pass1/d1b_n8_s2.json,racer,1000,-62.635,0.6415164209264782,0.003,0.04,1.975
dqn:runs/dqn/pass1/d1b_n8_s2.json@best,greedy,1000,-15.789,1.0132300400768397,0.327,0.018,2.004
dqn:runs/dqn/pass1/d1b_n8_s2.json@best,wary,1000,-21.232,0.8356485412447535,0.211,0.015,1.985
dqn:runs/dqn/pass1/d1b_n8_s2.json@best,racer,1000,-36.598,0.7936297904213553,0.09,0.006,1.994
dqn:runs/dqn/pass1/d1c_n32_s0.json,greedy,1000,-67.597,0.8646723363501628,0.009,0.135,1.902
dqn:runs/dqn/pass1/d1c_n32_s0.json,wary,1000,-67.217,0.7379637535146977,0.003,0.103,1.928
dqn:runs/dqn/pass1/d1c_n32_s0.json,racer,1000,-74.434,0.5706586504165999,0.001,0.046,1.967
dqn:runs/dqn/pass1/d1c_n32_s0.json@best,greedy,1000,-33.642,0.9466139201986805,0.13,0.027,1.986
dqn:runs/dqn/pass1/d1c_n32_s0.json@best,wary,1000,-37.687,0.8338371035851759,0.082,0.026,1.995
dqn:runs/dqn/pass1/d1c_n32_s0.json@best,racer,1000,-60.758,0.6557968477398359,0.001,0.026,2.132
dqn:runs/dqn/pass1/d1c_n32_s1.json,greedy,1000,-75.651,0.8418835827874107,0.005,0.173,1.862
dqn:runs/dqn/pass1/d1c_n32_s1.json,wary,1000,-74.416,0.7020026721827715,0.004,0.158,1.876
dqn:runs/dqn/pass1/d1c_n32_s1.json,racer,1000,-78.677,0.4788485845932584,0.0,0.112,1.918
dqn:runs/dqn/pass1/d1c_n32_s1.json@best,greedy,1000,-39.563,0.9758946671651616,0.114,0.02,1.984
dqn:runs/dqn/pass1/d1c_n32_s1.json@best,wary,1000,-42.936,0.8470521833992293,0.071,0.016,1.988
dqn:runs/dqn/pass1/d1c_n32_s1.json@best,racer,1000,-48.082,0.6459369245603711,0.018,0.019,1.981
dqn:runs/dqn/pass1/d1c_n32_s2.json,greedy,1000,-61.579,0.9967754613353603,0.035,0.136,1.918
dqn:runs/dqn/pass1/d1c_n32_s2.json,wary,1000,-62.528,0.8296261178961855,0.013,0.125,1.933
dqn:runs/dqn/pass1/d1c_n32_s2.json,racer,1000,-68.746,0.5492332301865402,0.001,0.068,1.986
dqn:runs/dqn/pass1/d1c_n32_s2.json@best,greedy,1000,-29.429,0.9827475524018118,0.19,0.059,1.944
dqn:runs/dqn/pass1/d1c_n32_s2.json@best,wary,1000,-33.604,0.852927118028656,0.112,0.059,1.958
dqn:runs/dqn/pass1/d1c_n32_s2.json@best,racer,1000,-47.411,0.6046914343123531,0.01,0.066,1.946
