agent,opponent,players,games,margin,se,win_share,tickets_completed,tickets_failed
ppo:runs/ppo/pass5/p5c_4p_self_margin_s0.json,greedy,4,1000,8.185666666666666,0.5217153793479345,0.329,0.002,1.998
ppo:runs/ppo/pass5/p5c_4p_self_margin_s0.json,wary,4,1000,6.313,0.47770808428533984,0.272,0.002,1.998
ppo:runs/ppo/pass5/p5c_4p_self_margin_s0.json,racer,4,1000,0.33833333333333326,0.44279634049381017,0.312,0.122,1.878
ppo:runs/ppo/pass5/p5c_4p_self_margin_s0.json,collector,4,1000,23.315,0.6006041868636673,0.533,0.001,1.999
ppo:runs/ppo/pass5/p5c_4p_self_margin_s0.json@best,greedy,4,1000,9.784666666666666,0.5439836545693821,0.345,0.007,1.993
ppo:runs/ppo/pass5/p5c_4p_self_margin_s0.json@best,wary,4,1000,8.171,0.4917490535702563,0.338,0.007,1.993
ppo:runs/ppo/pass5/p5c_4p_self_margin_s0.json@best,racer,4,1000,-2.29,0.4129177493574248,0.2435,0.114,1.886
ppo:runs/ppo/pass5/p5c_4p_self_margin_s0.json@best,collector,4,1000,22.750333333333334,0.5745910035642157,0.546,0.002,1.998
ppo:runs/ppo/pass5/p5c_4p_self_margin_s1.json,greedy,4,1000,12.304666666666666,0.5279799522150933,0.396,0.007,1.993
ppo:runs/ppo/pass5/p5c_4p_self_margin_s1.json,wary,4,1000,8.605,0.49653574389684113,0.34,0.003,1.997
ppo:runs/ppo/pass5/p5c_4p_self_margin_s1.json,racer,4,1000,0.7533333333333334,0.39959527962503477,0.313,0.09,1.91
ppo:runs/ppo/pass5/p5c_4p_self_margin_s1.json,collector,4,1000,23.17,0.5773090325400996,0.567,0.004,1.996
ppo:runs/ppo/pass5/p5c_4p_self_margin_s1.json@best,greedy,4,1000,13.378333333333334,0.5251493768244329,0.447,0.013,1.987
ppo:runs/ppo/pass5/p5c_4p_self_margin_s1.json@best,wary,4,1000,9.037666666666667,0.4897074582001371,0.354,0.008,1.992
ppo:runs/ppo/pass5/p5c_4p_self_margin_s1.json@best,racer,4,1000,0.022999999999999986,0.38721163243468965,0.286,0.084,1.916
ppo:runs/ppo/pass5/p5c_4p_self_margin_s1.json@best,collector,4,1000,24.942666666666668,0.5735095305451083,0.604,0.012,1.992
ppo:runs/ppo/pass5/p5c_4p_self_margin_s2.json,greedy,4,1000,11.479666666666667,0.5318035993583653,0.369,0.005,1.995
ppo:runs/ppo/pass5/p5c_4p_self_margin_s2.json,wary,4,1000,9.490666666666668,0.49236831911972556,0.345,0.009,1.991
ppo:runs/ppo/pass5/p5c_4p_self_margin_s2.json,racer,4,1000,-0.4723333333333334,0.4040605696476012,0.293,0.089,1.911
ppo:runs/ppo/pass5/p5c_4p_self_margin_s2.json,collector,4,1000,25.081,0.5638144820902166,0.582,0.004,1.996
ppo:runs/ppo/pass5/p5c_4p_self_margin_s2.json@best,greedy,4,1000,11.691666666666666,0.5169950493992429,0.383,0.008,1.992
ppo:runs/ppo/pass5/p5c_4p_self_margin_s2.json@best,wary,4,1000,9.265666666666666,0.48885496640432957,0.349,0.008,1.992
ppo:runs/ppo/pass5/p5c_4p_self_margin_s2.json@best,racer,4,1000,-0.144,0.4039620504788983,0.302,0.082,1.918
ppo:runs/ppo/pass5/p5c_4p_self_margin_s2.json@best,collector,4,1000,26.357666666666667,0.5878113236944101,0.62,0.005,1.995
ppo:runs/ppo/pass5/p5d_4p_self_score_s0.json,greedy,4,1000,1.3039999999999998,0.5279666440426575,0.206,0.001,1.999
ppo:runs/ppo/pass5/p5d_4p_self_score_s0.json,wary,4,1000,1.0329999999999997,0.4721272587786212,0.175,0.002,1.998
ppo:runs/ppo/pass5/p5d_4p_self_score_s0.json,racer,4,1000,0.13466666666666668,0.3853280107883676,0.31,0.09,1.91
ppo:runs/ppo/pass5/p5d_4p_self_score_s0.json,collector,4,1000,11.395333333333333,0.5452790689553548,0.309,0,2
ppo:runs/ppo/pass5/p5d_4p_self_score_s0.json@best,greedy,4,1000,11.711666666666666,0.5402295197831717,0.404,0.009,1.991
ppo:runs/ppo/pass5/p5d_4p_self_score_s0.json@best,wary,4,1000,7.327,0.4986292676839532,0.306,0.007,1.993
ppo:runs/ppo/pass5/p5d_4p_self_score_s0.json@best,racer,4,1000,-3.56,0.37443073612342737,0.194,0.077,1.923
ppo:runs/ppo/pass5/p5d_4p_self_score_s0.json@best,collector,4,1000,22.636666666666667,0.5639326279776572,0.552,0.004,1.996
ppo:runs/ppo/pass5/p5d_4p_self_score_s1.json,greedy,4,1000,1.0626666666666666,0.547958329820899,0.192,0.001,1.999
ppo:runs/ppo/pass5/p5d_4p_self_score_s1.json,wary,4,1000,1.4506666666666668,0.4920834856236187,0.184,0,2
ppo:runs/ppo/pass5/p5d_4p_self_score_s1.json,racer,4,1000,2.237,0.36809886201489556,0.3805,0.052,1.948
ppo:runs/ppo/pass5/p5d_4p_self_score_s1.json,collector,4,1000,10.757,0.5686087702456469,0.312,0,2
ppo:runs/ppo/pass5/p5d_4p_self_score_s1.json@best,greedy,4,1000,11.065333333333333,0.5166044592126452,0.369,0.008,1.992
ppo:runs/ppo/pass5/p5d_4p_self_score_s1.json@best,wary,4,1000,6.496666666666667,0.5030806994808986,0.303,0.009,1.991
ppo:runs/ppo/pass5/p5d_4p_self_score_s1.json@best,racer,4,1000,-5.0183333333333335,0.41844206008303636,0.189,0.121,1.879
ppo:runs/ppo/pass5/p5d_4p_self_score_s1.json@best,collector,4,1000,23.177666666666667,0.5596373485130702,0.55,0.005,1.995
ppo:runs/ppo/pass5/p5d_4p_self_score_s2.json,greedy,4,1000,5.773,0.5275692901519828,0.282,0.002,1.998
ppo:runs/ppo/pass5/p5d_4p_self_score_s2.json,wary,4,1000,4.363666666666666,0.4813293883518877,0.247,0.003,1.997
ppo:runs/ppo/pass5/p5d_4p_self_score_s2.json,racer,4,1000,0.5163333333333332,0.4067752305626664,0.3255,0.11,1.89
ppo:runs/ppo/pass5/p5d_4p_self_score_s2.json,collector,4,1000,16.415333333333333,0.5625534721924151,0.408,0,2
ppo:runs/ppo/pass5/p5d_4p_self_score_s2.json@best,greedy,4,1000,5.155333333333333,0.5480476510152552,0.255,0.003,1.997
ppo:runs/ppo/pass5/p5d_4p_self_score_s2.json@best,wary,4,1000,4.312,0.4718829852558749,0.224,0.003,1.997
ppo:runs/ppo/pass5/p5d_4p_self_score_s2.json@best,racer,4,1000,0.5920000000000001,0.4090043989691968,0.316,0.141,1.859
ppo:runs/ppo/pass5/p5d_4p_self_score_s2.json@best,collector,4,1000,19.255666666666666,0.5823833449469368,0.464,0.006,1.994
