agent,opponent,players,seed,game,seat,won,win_share,margin,score,opp_score,route_points,ticket_points,tickets_completed,tickets_failed,longest_bonus,longest_path,claims,mean_claim_length,long_claims,trains_left,locomotives_spent,draw_color,draw_locomotive,draw_blind,ticket_draws,tickets_kept,final_round_ticket_draws,passes,triggered_end,turns,seconds,searches,search_seconds
"mcts:iterations=400,prior=0.5,steps=main",greedy,2,9001,0,0,1.0,1.0,47.0,122.0,75.0,70.0,42.0,4.0,0.0,1.0,26.0,15.0,3.0,1.0,0.0,6.0,18.0,1.0,22.0,1.0,4.0,0.0,0.0,1.0,73.0,176.61,39,176.59
"mcts:iterations=400,prior=0.5,steps=main",greedy,2,9001,1,0,1.0,1.0,68.0,133.0,65.0,62.0,61.0,6.0,0.0,1.0,26.0,16.0,2.75,2.0,1.0,4.0,14.0,1.0,28.0,2.0,6.0,0.0,0.0,1.0,80.0,171.37,43,171.36
"mcts:iterations=400,prior=0.5,steps=main",greedy,2,9001,4,0,1.0,1.0,8.0,118.0,110.0,67.0,41.0,3.0,0.0,1.0,26.0,16.0,2.8125,1.0,0.0,5.0,19.0,1.0,21.0,1.0,3.0,0.0,0.0,1.0,75.0,171.94,40,171.92
"mcts:iterations=400,prior=0.5,steps=main",greedy,2,9001,5,1,1.0,1.0,2.0,115.0,113.0,73.0,32.0,2.0,0.0,1.0,27.0,13.0,3.3846153846153846,3.0,1.0,5.0,29.0,1.0,21.0,0.0,2.0,0.0,0.0,0.0,79.0,176.47,40,176.46
"mcts:iterations=400,prior=0.5,steps=main,reward=score",greedy,2,9001,4,0,1.0,1.0,95.0,205.0,110.0,69.0,126.0,9.0,0.0,1.0,36.0,16.0,2.8125,3.0,0.0,2.0,12.0,1.0,30.0,5.0,9.0,0.0,0.0,1.0,85.0,197.95,49,197.94
"mcts:iterations=400,prior=0.5,steps=main,reward=score",greedy,2,9001,5,1,1.0,1.0,13.0,126.0,113.0,84.0,32.0,2.0,0.0,1.0,22.0,13.0,3.4615384615384617,5.0,0.0,4.0,23.0,2.0,23.0,0.0,2.0,0.0,0.0,1.0,76.0,165.14,39,165.13
"mcts:iterations=400,prior=0.5,steps=main",greedy,2,9001,2,1,0.0,0.0,-24.0,102.0,126.0,64.0,28.0,3.0,0.0,1.0,26.0,17.0,2.6470588235294117,2.0,0.0,4.0,18.0,0.0,28.0,0.0,3.0,0.0,0.0,1.0,80.0,194.47,41,194.45
"mcts:iterations=400,prior=0.5,steps=main",greedy,2,9001,3,0,0.0,0.0,0.0,112.0,112.0,63.0,39.0,4.0,0.0,1.0,34.0,16.0,2.8125,1.0,0.0,6.0,11.0,0.0,37.0,1.0,4.0,0.0,0.0,1.0,82.0,183.36,43,183.34
"mcts:iterations=400,prior=0.5,steps=main,reward=score",greedy,2,9001,0,0,1.0,1.0,40.0,133.0,93.0,67.0,66.0,5.0,0.0,0.0,25.0,15.0,3.0,1.0,0.0,5.0,17.0,1.0,33.0,2.0,5.0,0.0,0.0,1.0,85.0,189.2,46,189.18
"mcts:iterations=400,prior=0.5,steps=main,reward=score",greedy,2,9001,1,0,1.0,1.0,38.0,155.0,117.0,64.0,81.0,8.0,0.0,1.0,28.0,16.0,2.8125,1.0,0.0,6.0,6.0,1.0,42.0,4.0,8.0,0.0,0.0,1.0,90.0,195.99,50,195.97
"mcts:iterations=400,prior=0.5,steps=main,reward=score",greedy,2,9001,2,1,1.0,1.0,48.0,137.0,89.0,70.0,57.0,6.0,0.0,1.0,23.0,15.0,3.0,3.0,0.0,5.0,21.0,1.0,25.0,3.0,6.0,0.0,0.0,1.0,84.0,208.66,46,208.64
"mcts:iterations=400,prior=0.5,steps=main,reward=score",greedy,2,9001,3,0,0.0,0.0,-4.0,118.0,122.0,51.0,57.0,6.0,0.0,1.0,31.0,17.0,2.411764705882353,0.0,4.0,6.0,4.0,1.0,38.0,2.0,6.0,0.0,0.0,0.0,83.0,194.38,44,194.36
mcts:iterations=400,greedy,2,9001,0,0,1.0,1.0,41.0,117.0,76.0,67.0,40.0,3.0,0.0,1.0,31.0,17.0,2.6470588235294117,2.0,0.0,7.0,32.0,3.0,8.0,0.0,3.0,0.0,0.0,1.0,79.0,310.29,70,310.28
mcts:iterations=400,greedy,2,9001,1,0,1.0,1.0,7.0,100.0,93.0,56.0,34.0,2.0,0.0,1.0,31.0,16.0,2.4375,1.0,6.0,2.0,37.0,1.0,9.0,0.0,2.0,0.0,0.0,0.0,81.0,266.73,72,266.72
mcts:iterations=400,greedy,2,9001,2,1,0.0,0.0,-43.0,63.0,106.0,51.0,2.0,1.0,1.0,1.0,25.0,19.0,2.210526315789474,0.0,3.0,1.0,38.0,1.0,4.0,0.0,2.0,0.0,0.0,0.0,83.0,300.8,70,300.79
mcts:iterations=400,greedy,2,9001,3,0,0.0,0.0,-87.0,34.0,121.0,45.0,-21.0,0.0,2.0,1.0,16.0,20.0,2.0,0.0,5.0,5.0,26.0,3.0,8.0,0.0,2.0,0.0,0.0,0.0,81.0,296.81,71,296.79
mcts:iterations=400,greedy,2,9001,4,0,0.0,0.0,-38.0,88.0,126.0,54.0,24.0,2.0,0.0,1.0,25.0,20.0,2.25,0.0,0.0,3.0,34.0,1.0,10.0,0.0,2.0,0.0,0.0,1.0,85.0,307.33,75,307.31
mcts:iterations=400,greedy,2,9001,5,1,0.0,0.0,-98.0,17.0,115.0,39.0,-32.0,0.0,2.0,1.0,23.0,19.0,1.894736842105263,0.0,9.0,3.0,27.0,0.0,13.0,0.0,2.0,0.0,0.0,0.0,79.0,320.06,74,320.05
"mcts:iterations=400,reward=score",greedy,2,9001,2,1,0.0,0.0,-47.0,84.0,131.0,59.0,15.0,2.0,0.0,1.0,25.0,14.0,2.7857142857142856,2.0,6.0,4.0,44.0,1.0,10.0,0.0,2.0,0.0,0.0,0.0,85.0,346.7,78,346.69
"mcts:iterations=400,reward=score",greedy,2,9001,3,0,0.0,0.0,-96.0,30.0,126.0,51.0,-21.0,0.0,2.0,0.0,15.0,16.0,2.375,1.0,7.0,4.0,33.0,1.0,9.0,0.0,2.0,0.0,0.0,0.0,77.0,282.2,67,282.18
"mcts:iterations=400,reward=score",greedy,2,9001,4,0,0.0,0.0,-33.0,102.0,135.0,68.0,24.0,2.0,0.0,1.0,25.0,15.0,2.8666666666666667,3.0,2.0,1.0,41.0,0.0,9.0,0.0,2.0,0.0,0.0,0.0,80.0,325.03,75,325.01
"mcts:iterations=400,reward=score",greedy,2,9001,5,1,0.0,0.0,-117.0,13.0,130.0,45.0,-32.0,0.0,2.0,0.0,12.0,14.0,2.2857142857142856,1.0,13.0,1.0,37.0,0.0,9.0,0.0,2.0,0.0,0.0,0.0,75.0,303.94,70,303.93
"mcts:iterations=400,reward=score",greedy,2,9001,0,0,1.0,1.0,15.0,125.0,110.0,82.0,33.0,2.0,0.0,1.0,31.0,14.0,3.2142857142857144,4.0,0.0,6.0,42.0,2.0,8.0,0.0,2.0,0.0,0.0,0.0,82.0,342.71,77,342.7
"mcts:iterations=400,reward=score",greedy,2,9001,1,0,0.0,0.0,-31.0,104.0,135.0,69.0,35.0,3.0,0.0,0.0,16.0,14.0,3.0,3.0,3.0,1.0,42.0,1.0,8.0,1.0,3.0,0.0,0.0,0.0,83.0,315.07,80,315.06
"mcts:iterations=400,prior=0.5,steps=main",greedy,2,9001,6,0,1.0,1.0,41.0,114.0,73.0,63.0,41.0,4.0,0.0,1.0,21.0,18.0,2.5,2.0,0.0,4.0,13.0,1.0,29.0,1.0,4.0,0.0,0.0,1.0,81.0,171.88,43,171.87
"mcts:iterations=400,prior=0.5,steps=main",greedy,2,9001,7,0,1.0,1.0,28.0,114.0,86.0,53.0,51.0,4.0,0.0,1.0,33.0,19.0,2.3157894736842106,0.0,1.0,3.0,28.0,2.0,10.0,1.0,4.0,0.0,0.0,1.0,82.0,188.51,43,188.49
"mcts:iterations=400,prior=0.5,steps=main,reward=score",greedy,2,9001,6,0,0.0,0.0,-14.0,111.0,125.0,62.0,39.0,4.0,0.0,1.0,24.0,15.0,2.8,1.0,3.0,8.0,17.0,1.0,27.0,1.0,4.0,0.0,0.0,0.0,78.0,179.84,41,179.83
"mcts:iterations=400,prior=0.5,steps=main,reward=score",greedy,2,9001,7,0,1.0,1.0,42.0,135.0,93.0,64.0,61.0,5.0,0.0,1.0,30.0,16.0,2.8125,1.0,0.0,6.0,7.0,0.0,37.0,3.0,5.0,0.0,0.0,1.0,82.0,200.22,45,200.2
"mcts:iterations=400,prior=0.5,steps=main",greedy,2,9001,8,0,1.0,1.0,14.0,104.0,90.0,67.0,27.0,3.0,0.0,1.0,22.0,15.0,3.0,1.0,0.0,4.0,12.0,0.0,30.0,1.0,3.0,0.0,0.0,1.0,74.0,168.64,39,168.62
"mcts:iterations=400,prior=0.5,steps=main",greedy,2,9001,9,0,1.0,1.0,35.0,131.0,96.0,81.0,40.0,3.0,0.0,1.0,30.0,13.0,3.4615384615384617,4.0,0.0,7.0,12.0,2.0,32.0,1.0,3.0,0.0,0.0,1.0,75.0,204.46,40,204.45
"mcts:iterations=400,prior=0.5,steps=main",greedy,2,9001,10,1,1.0,1.0,10.0,112.0,102.0,65.0,37.0,3.0,0.0,1.0,34.0,17.0,2.588235294117647,2.0,1.0,6.0,3.0,0.0,37.0,1.0,3.0,0.0,0.0,1.0,76.0,178.94,40,178.92
"mcts:iterations=400,prior=0.5,steps=main",greedy,2,9001,11,1,0.0,0.0,-30.0,81.0,111.0,70.0,1.0,1.0,1.0,1.0,25.0,16.0,2.8125,3.0,0.0,8.0,16.0,2.0,26.0,0.0,2.0,0.0,0.0,1.0,78.0,204.28,40,204.26
"mcts:iterations=400,prior=0.5,steps=main,reward=score",greedy,2,9001,8,0,1.0,1.0,63.0,163.0,100.0,72.0,81.0,7.0,0.0,1.0,41.0,14.0,3.2142857142857144,2.0,0.0,6.0,9.0,0.0,39.0,2.0,7.0,0.0,0.0,1.0,80.0,192.69,43,192.66
"mcts:iterations=400,prior=0.5,steps=main,reward=score",greedy,2,9001,9,0,1.0,1.0,31.0,130.0,99.0,75.0,45.0,4.0,0.0,1.0,29.0,15.0,3.0,3.0,0.0,7.0,3.0,0.0,49.0,2.0,4.0,0.0,0.0,1.0,85.0,229.73,46,229.71
mcts:iterations=400,greedy,2,9001,6,0,0.0,0.0,-70.0,60.0,130.0,51.0,-1.0,1.0,1.0,1.0,23.0,21.0,2.0952380952380953,0.0,1.0,2.0,35.0,1.0,9.0,0.0,2.0,0.0,0.0,1.0,87.0,310.78,82,310.76
mcts:iterations=400,greedy,2,9001,7,0,0.0,0.0,-33.0,89.0,122.0,63.0,16.0,1.0,1.0,1.0,27.0,18.0,2.4444444444444446,1.0,1.0,3.0,36.0,2.0,8.0,0.0,2.0,0.0,0.0,0.0,85.0,398.32,73,398.29
mcts:iterations=400,greedy,2,9001,8,0,0.0,0.0,-98.0,35.0,133.0,51.0,-16.0,0.0,2.0,0.0,10.0,18.0,2.2777777777777777,1.0,4.0,3.0,37.0,1.0,7.0,0.0,2.0,0.0,0.0,0.0,83.0,302.09,75,302.07
mcts:iterations=400,greedy,2,9001,9,0,1.0,1.0,20.0,100.0,80.0,62.0,28.0,2.0,0.0,1.0,25.0,17.0,2.5294117647058822,1.0,2.0,4.0,40.0,1.0,8.0,0.0,2.0,0.0,0.0,1.0,83.0,389.63,79,389.61
"mcts:iterations=400,reward=score",greedy,2,9001,6,0,0.0,0.0,-27.0,98.0,125.0,59.0,29.0,3.0,0.0,1.0,30.0,16.0,2.5,2.0,5.0,3.0,46.0,1.0,4.0,1.0,3.0,0.0,0.0,0.0,86.0,355.87,83,355.86
"mcts:iterations=400,reward=score",greedy,2,9001,7,0,0.0,0.0,-69.0,56.0,125.0,62.0,-16.0,1.0,1.0,1.0,27.0,17.0,2.5294117647058822,1.0,2.0,0.0,40.0,0.0,6.0,0.0,2.0,0.0,0.0,0.0,81.0,372.82,70,372.8
"mcts:iterations=400,reward=score",greedy,2,9001,8,0,0.0,0.0,-32.0,87.0,119.0,60.0,27.0,3.0,0.0,0.0,19.0,15.0,2.6666666666666665,2.0,5.0,2.0,35.0,1.0,9.0,1.0,3.0,0.0,0.0,0.0,79.0,316.54,74,316.53
"mcts:iterations=400,reward=score",greedy,2,9001,9,0,0.0,0.0,-4.0,109.0,113.0,71.0,28.0,2.0,0.0,1.0,35.0,17.0,2.6470588235294117,2.0,0.0,7.0,37.0,3.0,5.0,0.0,2.0,0.0,0.0,1.0,81.0,371.05,76,371.04
"mcts:iterations=400,prior=0.5,steps=main,reward=score",greedy,2,9001,10,1,1.0,1.0,33.0,142.0,109.0,61.0,71.0,6.0,0.0,1.0,35.0,15.0,2.8,2.0,3.0,3.0,22.0,0.0,28.0,3.0,6.0,0.0,0.0,0.0,87.0,223.68,47,223.66
"mcts:iterations=400,prior=0.5,steps=main,reward=score",greedy,2,9001,11,1,1.0,1.0,20.0,119.0,99.0,72.0,37.0,4.0,0.0,1.0,36.0,15.0,3.0,3.0,0.0,5.0,8.0,0.0,38.0,2.0,4.0,0.0,0.0,1.0,80.0,209.75,43,209.73
mcts:iterations=400,greedy,2,9001,10,1,0.0,0.0,-26.0,77.0,103.0,55.0,12.0,1.0,1.0,1.0,25.0,19.0,2.3157894736842106,1.0,1.0,3.0,33.0,1.0,9.0,0.0,2.0,0.0,0.0,1.0,82.0,359.87,72,359.85
mcts:iterations=400,greedy,2,9001,11,1,0.0,0.0,-56.0,62.0,118.0,51.0,1.0,1.0,1.0,1.0,25.0,19.0,2.263157894736842,0.0,2.0,4.0,33.0,2.0,7.0,0.0,2.0,0.0,0.0,1.0,82.0,338.48,70,338.46
